"","cyl","mpg"
"1",4,26.6636363636364
"2",6,19.7428571428571
"3",8,15.1
